name,price,color,size,photo
Бюстгальтер Victoria's Secret Double Shine Strap Push-Up Bra (26711578),2399,Черный,75C,https://cdn.kasta.ua/image/345/s3/supplier_provided_link/feed/1ee/37d/573/44e/b1e/77d/bf6/ca7/30e.jpeg
Безшовні стрінги Victoria's Secret No-Show Stripe Mesh Thong Panty (27067189),499,блакитний,M,https://cdn.kasta.ua/image/345/s3/supplier_provided_link/feed/c4f/61b/1f1/443/916/dfe/a9b/6e4/38d.jpeg
Трусики Victoria's Secret Lace Ultra-Mini Scoop Thong Panty (27119382),499,білий,S,https://cdn.kasta.ua/image/345/s3/supplier_provided_link/feed/0d1/016/884/4e8/8a3/b1c/e3e/c2c/d45.jpeg
Трусики стрінги Victoria's Secret Stretch Cotton Heart Lace High-Leg Scoop Thong Panty (27245134),499,рожевий,S,https://cdn.kasta.ua/image/345/s3/supplier_provided_link/feed/260/4d3/5a0/46d/85d/a0b/38d/9ac/810.jpeg
Бюстгальтер Victoria's Secret,2100,Коричневый,80E,https://cdn.kasta.ua/image/345/s3/supplier_provided_link/feed/1bd/6f3/16d/490/a6e/64b/675/6bb/d32.jpeg
Бюстгальтер Victoria's Secret Smooth Lace Inset Push-Up Bra (26985731),2399,леопардовый,80C,https://cdn.kasta.ua/image/345/s3/supplier_provided_link/feed/cf1/c1d/722/491/ac0/1ad/1f2/b82/727.jpeg
Трусики Victoria's Secret Floral Lace Bikini Panty (27110903),499,синій,L,https://cdn.kasta.ua/image/345/s3/supplier_provided_link/feed/897/cf8/e09/447/84f/7a6/9ef/bf2/923.jpeg
Безшовні трусики шортики Victoria's Secret No-Show Stripe Mesh Boyshort Panty (27067205),499,блакитний,S,https://cdn.kasta.ua/image/345/s3/supplier_provided_link/feed/5df/66d/ea5/487/bf1/5ab/a3b/e29/ce9.jpeg
Трусики Victoria's Secret Smooth & Lace Bikini Panty (27245089),499,пудра,S,https://cdn.kasta.ua/image/345/s3/supplier_provided_link/feed/65a/d30/42a/4d6/a01/4af/7f6/57c/63d.jpeg
Трусики стрінги Victoria's Secret Stretch Cotton High-Leg Scoop Thong Panty (27245187),499,леопардовый,XS,https://cdn.kasta.ua/image/345/s3/supplier_provided_link/feed/410/587/27c/4f0/b5d/3af/11b/1f5/154.jpeg
Бюстгальтер Victoria's Secret Double Shine Strap Push-Up Bra (26711578),2399,Черный,80B,https://cdn.kasta.ua/image/345/s3/supplier_provided_link/feed/1ee/37d/573/44e/b1e/77d/bf6/ca7/30e.jpeg
Трусики Victoria's Secret Lace Waist Bikini Panty (27110940),499,леопардовый,L,https://cdn.kasta.ua/image/345/s3/supplier_provided_link/feed/0ad/308/873/421/9cc/d43/89f/a1e/99c.jpeg
Трусики шортики Victoria's Secret Stretch Cotton Logo Shortie Panty (27245464),499,Черный,L,https://cdn.kasta.ua/image/345/s3/supplier_provided_link/feed/f4a/c0a/db0/45e/8a4/51d/a2f/47c/277.jpeg
Трусики стрінги Victoria's Secret Shine Strap Lace V-String Panty (26985794),650,зелений,S,https://cdn.kasta.ua/image/345/s3/supplier_provided_link/feed/861/f70/b28/46d/b7d/0c1/fcc/3b6/513.jpeg
Бюстгальтер Victoria's Secret Double Shine Strap Push-Up Bra (26711578),2399,Черный,85B,https://cdn.kasta.ua/image/345/s3/supplier_provided_link/feed/1ee/37d/573/44e/b1e/77d/bf6/ca7/30e.jpeg
Трусики шортики Victoria's Secret Stretch Cotton Shortie Panty (27245367),499,леопардовый,M,https://cdn.kasta.ua/image/345/s3/supplier_provided_link/feed/e5e/df4/c82/42f/9a7/ba4/dbe/e88/5ee.jpeg
Трусики шортики Victoria's Secret Stretch Cotton Shortie Panty (27245367),499,леопардовый,XS,https://cdn.kasta.ua/image/345/s3/supplier_provided_link/feed/e5e/df4/c82/42f/9a7/ba4/dbe/e88/5ee.jpeg
Бюстгальтер Victoria's Secret Double Shine Strap Push-Up Bra (26711578),2399,Черный,75D,https://cdn.kasta.ua/image/345/s3/supplier_provided_link/feed/1ee/37d/573/44e/b1e/77d/bf6/ca7/30e.jpeg
Трусики Victoria's Secret Cotton Lace-Trim Brief Panty (27110915),499, Черный,XL,https://cdn.kasta.ua/image/345/s3/supplier_provided_link/feed/b0d/71d/272/492/bf6/730/215/676/09d.jpeg
Бюстгальтер Victoria's Secret Double Shine Strap Push-Up Bra (26711578),2399,Черный,80C,https://cdn.kasta.ua/image/345/s3/supplier_provided_link/feed/1ee/37d/573/44e/b1e/77d/bf6/ca7/30e.jpeg
Трусики Victoria's Secret Floral Lace Bikini Panty (27110903),499,синій,XL,https://cdn.kasta.ua/image/345/s3/supplier_provided_link/feed/897/cf8/e09/447/84f/7a6/9ef/bf2/923.jpeg
Бюстгальтер Victoria's Secret Double Shine Strap Push-Up Bra (26711578),2399,Черный,80D,https://cdn.kasta.ua/image/345/s3/supplier_provided_link/feed/1ee/37d/573/44e/b1e/77d/bf6/ca7/30e.jpeg
Трусики Victoria's Secret Cotton Lace-Trim Brief Panty (27110915),499, Черный,M,https://cdn.kasta.ua/image/345/s3/supplier_provided_link/feed/b0d/71d/272/492/bf6/730/215/676/09d.jpeg
Трусики Victoria's Secret Cotton Lace-Trim Brief Panty (27110915),499, Черный,L,https://cdn.kasta.ua/image/345/s3/supplier_provided_link/feed/b0d/71d/272/492/bf6/730/215/676/09d.jpeg
Трусики шортики Victoria's Secret Stretch Cotton Shortie Panty (27245367),499,леопардовый,XL,https://cdn.kasta.ua/image/345/s3/supplier_provided_link/feed/e5e/df4/c82/42f/9a7/ba4/dbe/e88/5ee.jpeg
Трусики шортики Victoria's Secret Stretch Cotton Shortie Panty (27245367),499,леопардовый,L,https://cdn.kasta.ua/image/345/s3/supplier_provided_link/feed/e5e/df4/c82/42f/9a7/ba4/dbe/e88/5ee.jpeg
Трусики Victoria's Secret Lace Waist Bikini Panty (27110940),499,леопардовый,S,https://cdn.kasta.ua/image/345/s3/supplier_provided_link/feed/0ad/308/873/421/9cc/d43/89f/a1e/99c.jpeg
Трусики шортики Victoria's Secret Stretch Cotton Shortie Panty (27245367),499,леопардовый,S,https://cdn.kasta.ua/image/345/s3/supplier_provided_link/feed/e5e/df4/c82/42f/9a7/ba4/dbe/e88/5ee.jpeg
Бюстгальтер Victoria's Secret Double Shine Strap Push-Up Bra (26711578),2399,Черный,70C,https://cdn.kasta.ua/image/345/s3/supplier_provided_link/feed/1ee/37d/573/44e/b1e/77d/bf6/ca7/30e.jpeg
Трусики Victoria's Secret Floral Lace Bikini Panty (27110903),499,синій,M,https://cdn.kasta.ua/image/345/s3/supplier_provided_link/feed/897/cf8/e09/447/84f/7a6/9ef/bf2/923.jpeg
Трусики Victoria's Secret Floral Lace Bikini Panty (27110903),499,синій,S,https://cdn.kasta.ua/image/345/s3/supplier_provided_link/feed/897/cf8/e09/447/84f/7a6/9ef/bf2/923.jpeg
Трусики Victoria's Secret Lace-Trim Thong Panty (27110943),499,Черный,S,https://cdn.kasta.ua/image/345/s3/supplier_provided_link/feed/f75/419/5a9/48d/b45/a72/b9d/bb2/58b.jpeg
Трусики Victoria's Secret Lace-Trim Thong Panty (27110943),499,Черный,M,https://cdn.kasta.ua/image/345/s3/supplier_provided_link/feed/f75/419/5a9/48d/b45/a72/b9d/bb2/58b.jpeg
Трусики Victoria's Secret Lace-Trim Thong Panty (27110943),499,Черный,L,https://cdn.kasta.ua/image/345/s3/supplier_provided_link/feed/f75/419/5a9/48d/b45/a72/b9d/bb2/58b.jpeg
Трусики Victoria's Secret Lace-Trim Thong Panty (27110943),499,Черный,XL,https://cdn.kasta.ua/image/345/s3/supplier_provided_link/feed/f75/419/5a9/48d/b45/a72/b9d/bb2/58b.jpeg
Трусики Victoria's Secret Cotton Lace-Trim Brief Panty (27110915),499, Черный,S,https://cdn.kasta.ua/image/345/s3/supplier_provided_link/feed/b0d/71d/272/492/bf6/730/215/676/09d.jpeg
Трусики Victoria's Secret Lace Waist Bikini Panty (27110940),499,леопардовый,M,https://cdn.kasta.ua/image/345/s3/supplier_provided_link/feed/0ad/308/873/421/9cc/d43/89f/a1e/99c.jpeg
Трусики Victoria's Secret Lace Waist Bikini Panty (27110940),499,леопардовый,XL,https://cdn.kasta.ua/image/345/s3/supplier_provided_link/feed/0ad/308/873/421/9cc/d43/89f/a1e/99c.jpeg
Трусики шортики Victoria's Secret Stretch Cotton Logo Shortie Panty (27245464),499,Черный,S,https://cdn.kasta.ua/image/345/s3/supplier_provided_link/feed/f4a/c0a/db0/45e/8a4/51d/a2f/47c/277.jpeg
Трусики шортики Victoria's Secret Stretch Cotton Logo Shortie Panty (27245464),499,Черный,M,https://cdn.kasta.ua/image/345/s3/supplier_provided_link/feed/f4a/c0a/db0/45e/8a4/51d/a2f/47c/277.jpeg
Трусики шортики Victoria's Secret Stretch Cotton Logo Shortie Panty (27245464),499,Черный,XL,https://cdn.kasta.ua/image/345/s3/supplier_provided_link/feed/f4a/c0a/db0/45e/8a4/51d/a2f/47c/277.jpeg
Трусики Victoria's Secret Smooth & Lace Bikini Panty (27245089),499,пудра,XS,https://cdn.kasta.ua/image/345/s3/supplier_provided_link/feed/65a/d30/42a/4d6/a01/4af/7f6/57c/63d.jpeg
Трусики Victoria's Secret Smooth & Lace Bikini Panty (27245089),499,пудра,M,https://cdn.kasta.ua/image/345/s3/supplier_provided_link/feed/65a/d30/42a/4d6/a01/4af/7f6/57c/63d.jpeg
Трусики Victoria's Secret Smooth & Lace Bikini Panty (27245089),499,пудра,L,https://cdn.kasta.ua/image/345/s3/supplier_provided_link/feed/65a/d30/42a/4d6/a01/4af/7f6/57c/63d.jpeg
Трусики Victoria's Secret Smooth & Lace Bikini Panty (27245089),499,пудра,XL,https://cdn.kasta.ua/image/345/s3/supplier_provided_link/feed/65a/d30/42a/4d6/a01/4af/7f6/57c/63d.jpeg
Трусики стрінги Victoria's Secret Stretch Cotton High-Leg Scoop Thong Panty (27245187),499,леопардовый,S,https://cdn.kasta.ua/image/345/s3/supplier_provided_link/feed/410/587/27c/4f0/b5d/3af/11b/1f5/154.jpeg
Трусики стрінги Victoria's Secret Stretch Cotton High-Leg Scoop Thong Panty (27245187),499,леопардовый,M,https://cdn.kasta.ua/image/345/s3/supplier_provided_link/feed/410/587/27c/4f0/b5d/3af/11b/1f5/154.jpeg
Трусики стрінги Victoria's Secret Stretch Cotton High-Leg Scoop Thong Panty (27245187),499,леопардовый,L,https://cdn.kasta.ua/image/345/s3/supplier_provided_link/feed/410/587/27c/4f0/b5d/3af/11b/1f5/154.jpeg
Трусики стрінги Victoria's Secret Stretch Cotton High-Leg Scoop Thong Panty (27245187),499,леопардовый,XL,https://cdn.kasta.ua/image/345/s3/supplier_provided_link/feed/410/587/27c/4f0/b5d/3af/11b/1f5/154.jpeg
Трусики стрінги Victoria's Secret Stretch Cotton Heart Lace High-Leg Scoop Thong Panty (27245134),499,рожевий,XS,https://cdn.kasta.ua/image/345/s3/supplier_provided_link/feed/260/4d3/5a0/46d/85d/a0b/38d/9ac/810.jpeg
Трусики стрінги Victoria's Secret Stretch Cotton Heart Lace High-Leg Scoop Thong Panty (27245134),499,рожевий,M,https://cdn.kasta.ua/image/345/s3/supplier_provided_link/feed/260/4d3/5a0/46d/85d/a0b/38d/9ac/810.jpeg
Трусики стрінги Victoria's Secret Stretch Cotton Heart Lace High-Leg Scoop Thong Panty (27245134),499,рожевий,L,https://cdn.kasta.ua/image/345/s3/supplier_provided_link/feed/260/4d3/5a0/46d/85d/a0b/38d/9ac/810.jpeg
Трусики стрінги Victoria's Secret Stretch Cotton Heart Lace High-Leg Scoop Thong Panty (27245134),499,рожевий,XL,https://cdn.kasta.ua/image/345/s3/supplier_provided_link/feed/260/4d3/5a0/46d/85d/a0b/38d/9ac/810.jpeg
Бюстгальтер Victoria's Secret Bombshell Add-2-Cups Push-Up Bra (26711516),2499,Черный,75B,https://cdn.kasta.ua/image/345/s3/supplier_provided_link/feed/6df/c3b/d46/4e5/827/42f/4f9/a48/46d.jpeg
Бюстгальтер Victoria's Secret Bombshell Add-2-Cups Push-Up Bra (26711516),2499,Черный,75C,https://cdn.kasta.ua/image/345/s3/supplier_provided_link/feed/6df/c3b/d46/4e5/827/42f/4f9/a48/46d.jpeg
Бюстгальтер Victoria's Secret Bombshell Add-2-Cups Push-Up Bra (26711516),2499,Черный,80B,https://cdn.kasta.ua/image/345/s3/supplier_provided_link/feed/6df/c3b/d46/4e5/827/42f/4f9/a48/46d.jpeg
Бюстгальтер Victoria's Secret Bombshell Add-2-Cups Push-Up Bra (26711516),2499,Черный,80C,https://cdn.kasta.ua/image/345/s3/supplier_provided_link/feed/6df/c3b/d46/4e5/827/42f/4f9/a48/46d.jpeg
Бюстгальтер Victoria's Secret Bombshell Add-2-Cups Push-Up Bra (26711516),2499,Черный,85B,https://cdn.kasta.ua/image/345/s3/supplier_provided_link/feed/6df/c3b/d46/4e5/827/42f/4f9/a48/46d.jpeg
Бюстгальтер Victoria's Secret Bombshell Add-2-Cups Push-Up Bra (26711516),2499,Черный,85C,https://cdn.kasta.ua/image/345/s3/supplier_provided_link/feed/6df/c3b/d46/4e5/827/42f/4f9/a48/46d.jpeg
Бюстгальтер Victoria's Secret Bombshell Add-2-Cups Push-Up Bra (26711516),2499,Черный,70C,https://cdn.kasta.ua/image/345/s3/supplier_provided_link/feed/6df/c3b/d46/4e5/827/42f/4f9/a48/46d.jpeg
Бюстгальтер Victoria's Secret Shine Strap Push-Up Bra (26985834),2399,леопардовый,75B,https://cdn.kasta.ua/image/345/s3/supplier_provided_link/feed/c76/012/6fe/404/812/357/fcc/191/c3d.jpeg
Бюстгальтер Victoria's Secret Shine Strap Push-Up Bra (26985834),2399,леопардовый,75C,https://cdn.kasta.ua/image/345/s3/supplier_provided_link/feed/c76/012/6fe/404/812/357/fcc/191/c3d.jpeg
Бюстгальтер Victoria's Secret Shine Strap Push-Up Bra (26985834),2399,леопардовый,75D,https://cdn.kasta.ua/image/345/s3/supplier_provided_link/feed/c76/012/6fe/404/812/357/fcc/191/c3d.jpeg
Бюстгальтер Victoria's Secret Shine Strap Push-Up Bra (26985834),2399,леопардовый,80B,https://cdn.kasta.ua/image/345/s3/supplier_provided_link/feed/c76/012/6fe/404/812/357/fcc/191/c3d.jpeg
Бюстгальтер Victoria's Secret Shine Strap Push-Up Bra (26985834),2399,леопардовый,80C,https://cdn.kasta.ua/image/345/s3/supplier_provided_link/feed/c76/012/6fe/404/812/357/fcc/191/c3d.jpeg
Бюстгальтер Victoria's Secret Shine Strap Push-Up Bra (26985834),2399,леопардовый,80D,https://cdn.kasta.ua/image/345/s3/supplier_provided_link/feed/c76/012/6fe/404/812/357/fcc/191/c3d.jpeg
Бюстгальтер Victoria's Secret Shine Strap Push-Up Bra (26985834),2399,леопардовый,85B,https://cdn.kasta.ua/image/345/s3/supplier_provided_link/feed/c76/012/6fe/404/812/357/fcc/191/c3d.jpeg
Бюстгальтер Victoria's Secret Shine Strap Push-Up Bra (26985834),2399,леопардовый,85C,https://cdn.kasta.ua/image/345/s3/supplier_provided_link/feed/c76/012/6fe/404/812/357/fcc/191/c3d.jpeg
Бюстгальтер Victoria's Secret Shine Strap T-Shirt Demi Bra (26985721),2100,леопардовый,75B,https://cdn.kasta.ua/image/345/s3/supplier_provided_link/feed/218/d8e/e90/49d/a8a/34b/dbb/b48/4f9.jpeg
Бюстгальтер Victoria's Secret Shine Strap T-Shirt Demi Bra (26985721),2100,леопардовый,75C,https://cdn.kasta.ua/image/345/s3/supplier_provided_link/feed/218/d8e/e90/49d/a8a/34b/dbb/b48/4f9.jpeg
Бюстгальтер Victoria's Secret Shine Strap T-Shirt Demi Bra (26985721),2100,леопардовый,75D,https://cdn.kasta.ua/image/345/s3/supplier_provided_link/feed/218/d8e/e90/49d/a8a/34b/dbb/b48/4f9.jpeg
Бюстгальтер Victoria's Secret Shine Strap T-Shirt Demi Bra (26985721),2100,леопардовый,80B,https://cdn.kasta.ua/image/345/s3/supplier_provided_link/feed/218/d8e/e90/49d/a8a/34b/dbb/b48/4f9.jpeg
Бюстгальтер Victoria's Secret Shine Strap T-Shirt Demi Bra (26985721),2100,леопардовый,80C,https://cdn.kasta.ua/image/345/s3/supplier_provided_link/feed/218/d8e/e90/49d/a8a/34b/dbb/b48/4f9.jpeg
Бюстгальтер Victoria's Secret Shine Strap T-Shirt Demi Bra (26985721),2100,леопардовый,80D,https://cdn.kasta.ua/image/345/s3/supplier_provided_link/feed/218/d8e/e90/49d/a8a/34b/dbb/b48/4f9.jpeg
Бюстгальтер Victoria's Secret Shine Strap T-Shirt Demi Bra (26985721),2100,леопардовый,85B,https://cdn.kasta.ua/image/345/s3/supplier_provided_link/feed/218/d8e/e90/49d/a8a/34b/dbb/b48/4f9.jpeg
Бюстгальтер Victoria's Secret Shine Strap T-Shirt Demi Bra (26985721),2100,леопардовый,85C,https://cdn.kasta.ua/image/345/s3/supplier_provided_link/feed/218/d8e/e90/49d/a8a/34b/dbb/b48/4f9.jpeg
Бюстгальтер Victoria's Secret Smooth Lace Inset Push-Up Bra (26985731),2399,леопардовый,75B,https://cdn.kasta.ua/image/345/s3/supplier_provided_link/feed/cf1/c1d/722/491/ac0/1ad/1f2/b82/727.jpeg
Бюстгальтер Victoria's Secret Smooth Lace Inset Push-Up Bra (26985731),2399,леопардовый,75C,https://cdn.kasta.ua/image/345/s3/supplier_provided_link/feed/cf1/c1d/722/491/ac0/1ad/1f2/b82/727.jpeg
Бюстгальтер Victoria's Secret Smooth Lace Inset Push-Up Bra (26985731),2399,леопардовый,75D,https://cdn.kasta.ua/image/345/s3/supplier_provided_link/feed/cf1/c1d/722/491/ac0/1ad/1f2/b82/727.jpeg
Бюстгальтер Victoria's Secret Smooth Lace Inset Push-Up Bra (26985731),2399,леопардовый,80B,https://cdn.kasta.ua/image/345/s3/supplier_provided_link/feed/cf1/c1d/722/491/ac0/1ad/1f2/b82/727.jpeg
Бюстгальтер Victoria's Secret Smooth Lace Inset Push-Up Bra (26985731),2399,леопардовый,80D,https://cdn.kasta.ua/image/345/s3/supplier_provided_link/feed/cf1/c1d/722/491/ac0/1ad/1f2/b82/727.jpeg
Бюстгальтер Victoria's Secret Smooth Lace Inset Push-Up Bra (26985731),2399,леопардовый,85B,https://cdn.kasta.ua/image/345/s3/supplier_provided_link/feed/cf1/c1d/722/491/ac0/1ad/1f2/b82/727.jpeg
Бюстгальтер Victoria's Secret Smooth Lace Inset Push-Up Bra (26985731),2399,леопардовый,85C,https://cdn.kasta.ua/image/345/s3/supplier_provided_link/feed/cf1/c1d/722/491/ac0/1ad/1f2/b82/727.jpeg
Бюстгальтер Victoria's Secret,2100,Коричневый,75B,https://cdn.kasta.ua/image/345/s3/supplier_provided_link/feed/1bd/6f3/16d/490/a6e/64b/675/6bb/d32.jpeg
Бюстгальтер Victoria's Secret,2100,Коричневый,75C,https://cdn.kasta.ua/image/345/s3/supplier_provided_link/feed/1bd/6f3/16d/490/a6e/64b/675/6bb/d32.jpeg
Бюстгальтер Victoria's Secret,2100,Коричневый,75D,https://cdn.kasta.ua/image/345/s3/supplier_provided_link/feed/1bd/6f3/16d/490/a6e/64b/675/6bb/d32.jpeg
Бюстгальтер Victoria's Secret,2100,Коричневый,80B,https://cdn.kasta.ua/image/345/s3/supplier_provided_link/feed/1bd/6f3/16d/490/a6e/64b/675/6bb/d32.jpeg
Бюстгальтер Victoria's Secret,2100,Коричневый,80C,https://cdn.kasta.ua/image/345/s3/supplier_provided_link/feed/1bd/6f3/16d/490/a6e/64b/675/6bb/d32.jpeg
Бюстгальтер Victoria's Secret,2100,Коричневый,80D,https://cdn.kasta.ua/image/345/s3/supplier_provided_link/feed/1bd/6f3/16d/490/a6e/64b/675/6bb/d32.jpeg
Бюстгальтер Victoria's Secret,2100,Коричневый,85B,https://cdn.kasta.ua/image/345/s3/supplier_provided_link/feed/1bd/6f3/16d/490/a6e/64b/675/6bb/d32.jpeg
Бюстгальтер Victoria's Secret,2100,Коричневый,85C,https://cdn.kasta.ua/image/345/s3/supplier_provided_link/feed/1bd/6f3/16d/490/a6e/64b/675/6bb/d32.jpeg
Трусики стрінги Victoria's Secret Shine Strap Lace V-String Panty (26985794),650,зелений,XS,https://cdn.kasta.ua/image/345/s3/supplier_provided_link/feed/861/f70/b28/46d/b7d/0c1/fcc/3b6/513.jpeg
Трусики стрінги Victoria's Secret Shine Strap Lace V-String Panty (26985794),650,зелений,M,https://cdn.kasta.ua/image/345/s3/supplier_provided_link/feed/861/f70/b28/46d/b7d/0c1/fcc/3b6/513.jpeg
Трусики стрінги Victoria's Secret Shine Strap Lace V-String Panty (26985794),650,зелений,L,https://cdn.kasta.ua/image/345/s3/supplier_provided_link/feed/861/f70/b28/46d/b7d/0c1/fcc/3b6/513.jpeg
Трусики стрінги Victoria's Secret Shine Strap Lace V-String Panty (26985794),650,зелений,XL,https://cdn.kasta.ua/image/345/s3/supplier_provided_link/feed/861/f70/b28/46d/b7d/0c1/fcc/3b6/513.jpeg
Трусики стрінги Victoria's Secret Shine Strap Mesh V-String Panty (26985754),650,леопардовый,XS,https://cdn.kasta.ua/image/345/s3/supplier_provided_link/feed/425/328/b9a/4d6/a2b/868/3cc/04e/d3d.jpeg
Трусики стрінги Victoria's Secret Shine Strap Mesh V-String Panty (26985754),650,леопардовый,S,https://cdn.kasta.ua/image/345/s3/supplier_provided_link/feed/425/328/b9a/4d6/a2b/868/3cc/04e/d3d.jpeg
Трусики стрінги Victoria's Secret Shine Strap Mesh V-String Panty (26985754),650,леопардовый,M,https://cdn.kasta.ua/image/345/s3/supplier_provided_link/feed/425/328/b9a/4d6/a2b/868/3cc/04e/d3d.jpeg
Трусики стрінги Victoria's Secret Shine Strap Mesh V-String Panty (26985754),650,леопардовый,L,https://cdn.kasta.ua/image/345/s3/supplier_provided_link/feed/425/328/b9a/4d6/a2b/868/3cc/04e/d3d.jpeg
Трусики стрінги Victoria's Secret Shine Strap Mesh V-String Panty (26985754),650,леопардовый,XL,https://cdn.kasta.ua/image/345/s3/supplier_provided_link/feed/425/328/b9a/4d6/a2b/868/3cc/04e/d3d.jpeg
Трусики Victoria's Secret Smooth Lace Inset Hiphugger Panty (26985702),499,леопардовый,XS,https://cdn.kasta.ua/image/345/s3/supplier_provided_link/feed/fa7/06f/6d8/4a6/845/be7/4cd/0c2/115.jpeg
Трусики Victoria's Secret Smooth Lace Inset Hiphugger Panty (26985702),499,леопардовый,S,https://cdn.kasta.ua/image/345/s3/supplier_provided_link/feed/fa7/06f/6d8/4a6/845/be7/4cd/0c2/115.jpeg
Трусики Victoria's Secret Smooth Lace Inset Hiphugger Panty (26985702),499,леопардовый,M,https://cdn.kasta.ua/image/345/s3/supplier_provided_link/feed/fa7/06f/6d8/4a6/845/be7/4cd/0c2/115.jpeg
Трусики Victoria's Secret Smooth Lace Inset Hiphugger Panty (26985702),499,леопардовый,L,https://cdn.kasta.ua/image/345/s3/supplier_provided_link/feed/fa7/06f/6d8/4a6/845/be7/4cd/0c2/115.jpeg
Трусики Victoria's Secret Smooth Lace Inset Hiphugger Panty (26985702),499,леопардовый,XL,https://cdn.kasta.ua/image/345/s3/supplier_provided_link/feed/fa7/06f/6d8/4a6/845/be7/4cd/0c2/115.jpeg
Трусики Victoria's Secret Cotton Lace Waist String Bikini Panty (27110931),499,леопардовый,XS,https://cdn.kasta.ua/image/345/s3/supplier_provided_link/feed/839/075/d87/424/b73/9a7/472/612/82a.jpeg
Трусики Victoria's Secret Cotton Lace Waist String Bikini Panty (27110931),499,леопардовый,S,https://cdn.kasta.ua/image/345/s3/supplier_provided_link/feed/839/075/d87/424/b73/9a7/472/612/82a.jpeg
Трусики Victoria's Secret Cotton Lace Waist String Bikini Panty (27110931),499,леопардовый,M,https://cdn.kasta.ua/image/345/s3/supplier_provided_link/feed/839/075/d87/424/b73/9a7/472/612/82a.jpeg
Трусики Victoria's Secret Cotton Lace Waist String Bikini Panty (27110931),499,леопардовый,L,https://cdn.kasta.ua/image/345/s3/supplier_provided_link/feed/839/075/d87/424/b73/9a7/472/612/82a.jpeg
Трусики Victoria's Secret Cotton Lace Waist String Bikini Panty (27110931),499,леопардовый,XL,https://cdn.kasta.ua/image/345/s3/supplier_provided_link/feed/839/075/d87/424/b73/9a7/472/612/82a.jpeg
Трусики Victoria's Secret Floral Lace Thong Panty (27110889),499,синій,XS,https://cdn.kasta.ua/image/345/s3/supplier_provided_link/feed/6e5/6f8/3cc/45b/b73/4f2/a94/804/79b.jpeg
Трусики Victoria's Secret Floral Lace Thong Panty (27110889),499,синій,S,https://cdn.kasta.ua/image/345/s3/supplier_provided_link/feed/6e5/6f8/3cc/45b/b73/4f2/a94/804/79b.jpeg
Трусики Victoria's Secret Floral Lace Thong Panty (27110889),499,синій,M,https://cdn.kasta.ua/image/345/s3/supplier_provided_link/feed/6e5/6f8/3cc/45b/b73/4f2/a94/804/79b.jpeg
Трусики Victoria's Secret Floral Lace Thong Panty (27110889),499,синій,L,https://cdn.kasta.ua/image/345/s3/supplier_provided_link/feed/6e5/6f8/3cc/45b/b73/4f2/a94/804/79b.jpeg
Трусики Victoria's Secret Floral Lace Thong Panty (27110889),499,синій,XL,https://cdn.kasta.ua/image/345/s3/supplier_provided_link/feed/6e5/6f8/3cc/45b/b73/4f2/a94/804/79b.jpeg
Трусики Victoria's Secret Floral Lace Bikini Panty (27110903),499,синій,XS,https://cdn.kasta.ua/image/345/s3/supplier_provided_link/feed/897/cf8/e09/447/84f/7a6/9ef/bf2/923.jpeg
Трусики Victoria's Secret Lace Ultra-Mini Scoop Thong Panty (27119382),499,білий,XS,https://cdn.kasta.ua/image/345/s3/supplier_provided_link/feed/0d1/016/884/4e8/8a3/b1c/e3e/c2c/d45.jpeg
Трусики Victoria's Secret Lace Ultra-Mini Scoop Thong Panty (27119382),499,білий,M,https://cdn.kasta.ua/image/345/s3/supplier_provided_link/feed/0d1/016/884/4e8/8a3/b1c/e3e/c2c/d45.jpeg
Трусики Victoria's Secret Lace Ultra-Mini Scoop Thong Panty (27119382),499,білий,L,https://cdn.kasta.ua/image/345/s3/supplier_provided_link/feed/0d1/016/884/4e8/8a3/b1c/e3e/c2c/d45.jpeg
Трусики Victoria's Secret Lace Ultra-Mini Scoop Thong Panty (27119382),499,білий,XL,https://cdn.kasta.ua/image/345/s3/supplier_provided_link/feed/0d1/016/884/4e8/8a3/b1c/e3e/c2c/d45.jpeg
Бюстгальтер Victoria's Secret,2100,Коричневый,70C,https://cdn.kasta.ua/image/345/s3/supplier_provided_link/feed/1bd/6f3/16d/490/a6e/64b/675/6bb/d32.jpeg
Бюстгальтер Victoria's Secret,2100,Коричневый,75E,https://cdn.kasta.ua/image/345/s3/supplier_provided_link/feed/1bd/6f3/16d/490/a6e/64b/675/6bb/d32.jpeg
Бюстгальтер Victoria's Secret,2100,Коричневый,80C,https://cdn.kasta.ua/image/345/s3/supplier_provided_link/feed/1bd/6f3/16d/490/a6e/64b/675/6bb/d32.jpeg
Бюстгальтер Victoria's Secret,2100,Коричневый,80D,https://cdn.kasta.ua/image/345/s3/supplier_provided_link/feed/1bd/6f3/16d/490/a6e/64b/675/6bb/d32.jpeg
Бюстгальтер Victoria's Secret,2100,Коричневый,85D,https://cdn.kasta.ua/image/345/s3/supplier_provided_link/feed/1bd/6f3/16d/490/a6e/64b/675/6bb/d32.jpeg
Трусики Victoria's Secret Logo Mesh Shortie Panty (27245789),499,Черный,S,https://cdn.kasta.ua/image/345/s3/supplier_provided_link/feed/e07/6c0/594/436/8b6/79e/661/2c5/0cf.jpeg
Трусики Victoria's Secret Logo Mesh Shortie Panty (27245789),499,Черный,M,https://cdn.kasta.ua/image/345/s3/supplier_provided_link/feed/e07/6c0/594/436/8b6/79e/661/2c5/0cf.jpeg
Трусики Victoria's Secret Logo Mesh Shortie Panty (27245789),499,Черный,L,https://cdn.kasta.ua/image/345/s3/supplier_provided_link/feed/e07/6c0/594/436/8b6/79e/661/2c5/0cf.jpeg
Трусики Victoria's Secret Logo Mesh Shortie Panty (27245789),499,Черный,XL,https://cdn.kasta.ua/image/345/s3/supplier_provided_link/feed/e07/6c0/594/436/8b6/79e/661/2c5/0cf.jpeg
Трусики Victoria's Secret Logo Mesh Shortie Panty (27245789),499,Черный,XXL,https://cdn.kasta.ua/image/345/s3/supplier_provided_link/feed/e07/6c0/594/436/8b6/79e/661/2c5/0cf.jpeg
Трусики Victoria's Secret Exploded Logo Cotton Bikini Panty (27245648),499,коричневий,S,https://cdn.kasta.ua/image/345/s3/supplier_provided_link/feed/e58/d59/a12/47b/971/d1e/4b6/3df/520.jpeg
Трусики Victoria's Secret Exploded Logo Cotton Bikini Panty (27245648),499,коричневий,M,https://cdn.kasta.ua/image/345/s3/supplier_provided_link/feed/e58/d59/a12/47b/971/d1e/4b6/3df/520.jpeg
Трусики Victoria's Secret Exploded Logo Cotton Bikini Panty (27245648),499,коричневий,L,https://cdn.kasta.ua/image/345/s3/supplier_provided_link/feed/e58/d59/a12/47b/971/d1e/4b6/3df/520.jpeg
Трусики Victoria's Secret Exploded Logo Cotton Bikini Panty (27245648),499,коричневий,XL,https://cdn.kasta.ua/image/345/s3/supplier_provided_link/feed/e58/d59/a12/47b/971/d1e/4b6/3df/520.jpeg
Трусики Victoria's Secret Exploded Logo Cotton Boyshort Panty(27245615),499,коричневий,S,https://cdn.kasta.ua/image/345/s3/supplier_provided_link/feed/c4a/124/80c/4db/b21/feb/b00/9fb/4f3.jpeg
Трусики Victoria's Secret Exploded Logo Cotton Boyshort Panty(27245615),499,коричневий,M,https://cdn.kasta.ua/image/345/s3/supplier_provided_link/feed/c4a/124/80c/4db/b21/feb/b00/9fb/4f3.jpeg
Трусики Victoria's Secret Exploded Logo Cotton Boyshort Panty(27245615),499,коричневий,L,https://cdn.kasta.ua/image/345/s3/supplier_provided_link/feed/c4a/124/80c/4db/b21/feb/b00/9fb/4f3.jpeg
Трусики Victoria's Secret Exploded Logo Cotton Boyshort Panty(27245615),499,коричневий,XL,https://cdn.kasta.ua/image/345/s3/supplier_provided_link/feed/c4a/124/80c/4db/b21/feb/b00/9fb/4f3.jpeg
Трусики Victoria's Secret Exploded Logo Cotton Plunge Lace Thong Panty (27245591),499,коричневий,S,https://cdn.kasta.ua/image/345/s3/supplier_provided_link/feed/0f4/fe5/ac7/4d0/8f1/70d/93f/4d8/e8e.jpeg
Трусики Victoria's Secret Exploded Logo Cotton Plunge Lace Thong Panty (27245591),499,коричневий,M,https://cdn.kasta.ua/image/345/s3/supplier_provided_link/feed/0f4/fe5/ac7/4d0/8f1/70d/93f/4d8/e8e.jpeg
Трусики Victoria's Secret Exploded Logo Cotton Plunge Lace Thong Panty (27245591),499,коричневий,L,https://cdn.kasta.ua/image/345/s3/supplier_provided_link/feed/0f4/fe5/ac7/4d0/8f1/70d/93f/4d8/e8e.jpeg
Трусики Victoria's Secret Exploded Logo Cotton Plunge Lace Thong Panty (27245591),499,коричневий,XL,https://cdn.kasta.ua/image/345/s3/supplier_provided_link/feed/0f4/fe5/ac7/4d0/8f1/70d/93f/4d8/e8e.jpeg
Трусики Victoria's Secret Exploded Logo Cotton 90s Brief Panty (27264001),499,коричневий,S,https://cdn.kasta.ua/image/345/s3/supplier_provided_link/feed/e4d/588/576/4d0/8f1/70d/93f/4d8/e8e.jpeg
Трусики Victoria's Secret Exploded Logo Cotton 90s Brief Panty (27264001),499,коричневий,M,https://cdn.kasta.ua/image/345/s3/supplier_provided_link/feed/e4d/588/576/4d0/8f1/70d/93f/4d8/e8e.jpeg
Трусики Victoria's Secret Exploded Logo Cotton 90s Brief Panty (27264001),499,коричневий,L,https://cdn.kasta.ua/image/345/s3/supplier_provided_link/feed/e4d/588/576/4d0/8f1/70d/93f/4d8/e8e.jpeg
Трусики Victoria's Secret Exploded Logo Cotton 90s Brief Panty (27264001),499,коричневий,XL,https://cdn.kasta.ua/image/345/s3/supplier_provided_link/feed/e4d/588/576/4d0/8f1/70d/93f/4d8/e8e.jpeg

